{"cameraMode":{"drawMode":0,"name":"Shaded","section":"Shading Mode"},"sceneLighting":true,"audioPlay":false,"sceneViewState":{"m_AlwaysRefresh":false,"showFog":true,"showSkybox":true,"showFlares":true,"showImageEffects":true,"showParticleSystems":true,"showVisualEffectGraphs":true,"m_FxEnabled":true},"in2DMode":false,"pivot":{"x":29.459245681762697,"y":-45.23904037475586,"z":13.041534423828125},"rotation":{"x":0.03504820913076401,"y":0.906024694442749,"z":-0.41476529836654665,"w":0.0765601247549057},"size":103.07735443115235,"orthographic":false}