{"count":1,"self":7.8500999999999994,"total":34.5998485,"children":{"InitializeActuators":{"count":32,"self":0.0029988,"total":0.0029988,"children":null},"InitializeSensors":{"count":32,"self":0.0029988999999999997,"total":0.0029988999999999997,"children":null},"AgentSendState":{"count":719,"self":0.2601794,"total":0.30815349999999997,"children":{"CollectObservations":{"count":4608,"self":0.010961199999999999,"total":0.010961199999999999,"children":null},"WriteActionMask":{"count":4608,"self":0.0090105999999999988,"total":0.0090105999999999988,"children":null},"RequestDecision":{"count":4608,"self":0.028002299999999997,"total":0.028002299999999997,"children":null}}},"DecideAction":{"count":719,"self":21.8745168,"total":26.4355975,"children":{"RayPerceptionSensor.Perceive":{"count":3331584,"self":4.5610804,"total":4.5610805,"children":null}}}},"gauges":{},"metadata":{"timer_format_version":"0.1.0","start_time_seconds":"1689203954","unity_version":"2021.3.28f1","command_line_arguments":"C:\\Program Files\\Unity\\Hub\\Editor\\2021.3.28f1\\Editor\\Unity.exe -projectpath C:\\Users\\AugCog\\repo\\mlagents20\\Training Virtual Audience 20 -useHub -hubIPC -cloudEnvironment production","communication_protocol_version":"1.5.0","com.unity.ml-agents_version":"2.3.0-exp.3","scene_name":"PushBlockWithInput","end_time_seconds":"1689203988"}}